{
  "selected_dim": 102001,
  "E_var": -2086.650339037541,
  "E_ref": -2086.650833315363,
  "gap_mHa": 0.4942778218719468,
  "output_dir": "v23_runs/from_zero_en2_20260514_212607"
}
