{
  "selected_dim": 100001,
  "E_var": -2086.6503024329195,
  "E_ref": -2086.650833315363,
  "gap_mHa": 0.5308824433996051,
  "output_dir": "v22_clean_runs/from_zero_24h_20260514_203235"
}
