{
  "selected_dim": 30000,
  "E_var": -2086.645910911841,
  "E_ref": -2086.650833315363,
  "gap_mHa": 4.922403521959495,
  "output_dir": "v22_clean_runs/from_zero_24h_20260514_170418"
}
